上海,6天5晚,日韩航线,2016/7/9,釜山-福冈-上海,海洋量子号,皇家加勒比邮轮,【限量抢购】随机阳台双人房,9499
上海,6天5晚,日韩航线,2016/7/9,釜山-福冈-上海,海洋量子号,皇家加勒比邮轮,超值阳台双人间（有遮挡） DO,9799
上海,6天5晚,日韩航线,2016/7/9,釜山-福冈-上海,海洋量子号,皇家加勒比邮轮,超值阳台三人间（有遮挡） DO,9799
上海,6天5晚,日韩航线,2016/7/9,釜山-福冈-上海,海洋量子号,皇家加勒比邮轮,超值阳台四人间（有遮挡） DO,9799
上海,6天5晚,日韩航线,2016/7/9,釜山-福冈-上海,海洋量子号,皇家加勒比邮轮,标准阳台双人间 D4,9949
上海,6天5晚,日韩航线,2016/7/9,釜山-福冈-上海,海洋量子号,皇家加勒比邮轮,单人阳台房 SD,10199
上海,6天5晚,日韩航线,2016/7/9,釜山-福冈-上海,海洋量子号,皇家加勒比邮轮,高级阳台双人间 D3,10349
上海,6天5晚,日韩航线,2016/7/9,釜山-福冈-上海,海洋量子号,皇家加勒比邮轮,高级阳台三人间 D2,10424
上海,6天5晚,日韩航线,2016/7/9,釜山-福冈-上海,海洋量子号,皇家加勒比邮轮,高级阳台四人间 D2,10919
上海,6天5晚,日韩航线,2016/7/9,釜山-福冈-上海,海洋量子号,皇家加勒比邮轮,豪华阳台双人间 D1,11459
上海,6天5晚,日韩航线,2016/7/9,釜山-福冈-上海,海洋量子号,皇家加勒比邮轮,豪华阳台三人间 D1,11499
上海,6天5晚,日韩航线,2016/7/9,釜山-福冈-上海,海洋量子号,皇家加勒比邮轮,豪华阳台四人间 D1,11499
上海,6天5晚,日韩航线,2016/5/20,釜山-福冈-上海,海洋量子号,皇家加勒比邮轮,【限量抢购】随机阳台四人房,4899
上海,6天5晚,日韩航线,2016/5/20,釜山-福冈-上海,海洋量子号,皇家加勒比邮轮,随机阳台三人间,5599
上海,6天5晚,日韩航线,2016/5/20,釜山-福冈-上海,海洋量子号,皇家加勒比邮轮,随机阳台双人间,6790
上海,6天5晚,日韩航线,2016/5/20,釜山-福冈-上海,海洋量子号,皇家加勒比邮轮,超值阳台双人间（有遮挡） DO,6790
上海,6天5晚,日韩航线,2016/5/20,釜山-福冈-上海,海洋量子号,皇家加勒比邮轮,标准阳台双人间 D4,6990
上海,6天5晚,日韩航线,2016/5/20,釜山-福冈-上海,海洋量子号,皇家加勒比邮轮,超值阳台三人间（有遮挡） DO,6990
上海,6天5晚,日韩航线,2016/5/20,釜山-福冈-上海,海洋量子号,皇家加勒比邮轮,超值阳台四人间（有遮挡） DO,6990
上海,6天5晚,日韩航线,2016/5/20,釜山-福冈-上海,海洋量子号,皇家加勒比邮轮,高级阳台双人间 D3,7390
上海,6天5晚,日韩航线,2016/5/20,釜山-福冈-上海,海洋量子号,皇家加勒比邮轮,相连阳台双人间 BC,7390
上海,6天5晚,日韩航线,2016/5/20,釜山-福冈-上海,海洋量子号,皇家加勒比邮轮,高级阳台三人间 D2,7690
上海,6天5晚,日韩航线,2016/5/20,釜山-福冈-上海,海洋量子号,皇家加勒比邮轮,高级阳台四人间 D2,7690
上海,6天5晚,日韩航线,2016/5/20,釜山-福冈-上海,海洋量子号,皇家加勒比邮轮,豪华阳台双人间 D1,7890
上海,6天5晚,日韩航线,2016/5/20,釜山-福冈-上海,海洋量子号,皇家加勒比邮轮,豪华阳台三人间 D1,8090
上海,6天5晚,日韩航线,2016/5/20,釜山-福冈-上海,海洋量子号,皇家加勒比邮轮,豪华阳台四人间 D1,8090
上海,6天5晚,日韩航线,2016/6/2,釜山-福冈-上海,海洋量子号,皇家加勒比邮轮,超值阳台双人间（有遮挡） DO,5999
上海,6天5晚,日韩航线,2016/6/2,釜山-福冈-上海,海洋量子号,皇家加勒比邮轮,超值阳台三人间（有遮挡） DO,5999
上海,6天5晚,日韩航线,2016/6/2,釜山-福冈-上海,海洋量子号,皇家加勒比邮轮,单人阳台房 SD,6099
上海,6天5晚,日韩航线,2016/6/2,釜山-福冈-上海,海洋量子号,皇家加勒比邮轮,标准阳台双人间 D4,6199
上海,6天5晚,日韩航线,2016/6/2,釜山-福冈-上海,海洋量子号,皇家加勒比邮轮,高级阳台双人间 D3,6399
上海,6天5晚,日韩航线,2016/6/2,釜山-福冈-上海,海洋量子号,皇家加勒比邮轮,豪华阳台双人间 D1,6899
上海,6天5晚,日韩航线,2016/6/7,釜山-福冈-上海,海洋量子号,皇家加勒比邮轮,超值阳台房 DO三人间（有遮挡）,4899
上海,6天5晚,日韩航线,2016/6/7,釜山-福冈-上海,海洋量子号,皇家加勒比邮轮,高级阳台三人间 D2,5299
上海,6天5晚,日韩航线,2016/6/7,釜山-福冈-上海,海洋量子号,皇家加勒比邮轮,高级阳台四人间 D2,5299
上海,6天5晚,日韩航线,2016/6/7,釜山-福冈-上海,海洋量子号,皇家加勒比邮轮,【限量抢购】随机阳台三人房,5299
上海,6天5晚,日韩航线,2016/6/7,釜山-福冈-上海,海洋量子号,皇家加勒比邮轮,【限量抢购】随机阳台四人房,5299
上海,6天5晚,日韩航线,2016/6/7,釜山-福冈-上海,海洋量子号,皇家加勒比邮轮,高级阳台双人间 D3,5699
上海,6天5晚,日韩航线,2016/6/7,釜山-福冈-上海,海洋量子号,皇家加勒比邮轮,标准阳台双人间 D4,5699
上海,6天5晚,日韩航线,2016/6/7,釜山-福冈-上海,海洋量子号,皇家加勒比邮轮,【限量抢购】随机阳台双人房,5699
上海,6天5晚,日韩航线,2016/5/25,釜山-福冈-上海,海洋量子号,皇家加勒比邮轮,高级阳台四人间 D2,4299
上海,6天5晚,日韩航线,2016/5/25,釜山-福冈-上海,海洋量子号,皇家加勒比邮轮,超值阳台双人间（有遮挡） DO,4799
上海,6天5晚,日韩航线,2016/5/25,釜山-福冈-上海,海洋量子号,皇家加勒比邮轮,标准阳台双人间 D4,4999
上海,6天5晚,日韩航线,2016/5/25,釜山-福冈-上海,海洋量子号,皇家加勒比邮轮,高级阳台双人间 D3,5299
上海,6天5晚,日韩航线,2016/5/29,釜山-福冈-上海,海洋量子号,皇家加勒比邮轮,【限量抢购】随机阳台三人房,4099
上海,6天5晚,日韩航线,2016/5/29,釜山-福冈-上海,海洋量子号,皇家加勒比邮轮,【限量抢购】随机阳台双人房,4499
上海,6天5晚,日韩航线,2016/5/29,釜山-福冈-上海,海洋量子号,皇家加勒比邮轮,单人阳台房 SD,4500
上海,6天5晚,日韩航线,2016/5/29,釜山-福冈-上海,海洋量子号,皇家加勒比邮轮,标准阳台双人间 D4,4699
上海,6天5晚,日韩航线,2016/6/21,釜山-福冈-上海,海洋量子号,皇家加勒比邮轮,高级阳台三人间 D2,9399
上海,6天5晚,日韩航线,2016/6/21,釜山-福冈-上海,海洋量子号,皇家加勒比邮轮,高级阳台房 D3,9399
上海,6天5晚,日韩航线,2016/6/21,釜山-福冈-上海,海洋量子号,皇家加勒比邮轮,豪华阳台双人间 D1,10799
上海,6天5晚,日韩航线,2016/7/1,釜山-福冈-上海,海洋量子号,皇家加勒比邮轮,高级阳台三人间 D2,5999
上海,6天5晚,日韩航线,2016/7/1,釜山-福冈-上海,海洋量子号,皇家加勒比邮轮,标准阳台双人间 D4,6599
上海,6天5晚,日韩航线,2016/7/1,釜山-福冈-上海,海洋量子号,皇家加勒比邮轮,超值阳台双人间（有遮挡） DO,6599
上海,6天5晚,日韩航线,2016/7/1,釜山-福冈-上海,海洋量子号,皇家加勒比邮轮,高级阳台双人间 D3,6799
上海,6天5晚,日韩航线,2016/7/1,釜山-福冈-上海,海洋量子号,皇家加勒比邮轮,单人阳台房 SD,6999
上海,6天5晚,日韩航线,2016/7/1,釜山-福冈-上海,海洋量子号,皇家加勒比邮轮,豪华阳台双人间 D1,7799
上海,6天5晚,日韩航线,2016/7/1,釜山-福冈-上海,海洋量子号,皇家加勒比邮轮,豪华阳台三人间 D1,7799
上海,6天5晚,日韩航线,2016/7/18,釜山-福冈-上海,海洋量子号,皇家加勒比邮轮,高级阳台四人间 D2,5499
上海,6天5晚,日韩航线,2016/7/18,釜山-福冈-上海,海洋量子号,皇家加勒比邮轮,高级阳台三人间 D2,6299
上海,6天5晚,日韩航线,2016/7/18,釜山-福冈-上海,海洋量子号,皇家加勒比邮轮,超值阳台双人间（有遮挡） DO,6599
上海,6天5晚,日韩航线,2016/7/18,釜山-福冈-上海,海洋量子号,皇家加勒比邮轮,标准阳台双人间 D4,6999
上海,6天5晚,日韩航线,2016/7/18,釜山-福冈-上海,海洋量子号,皇家加勒比邮轮,高级阳台双人间 D3,7399
上海,6天5晚,日韩航线,2016/8/12,釜山-福冈-上海,海洋量子号,皇家加勒比邮轮,高级阳台四人间 D2,7699
上海,6天5晚,日韩航线,2016/8/12,釜山-福冈-上海,海洋量子号,皇家加勒比邮轮,高级阳台三人间 D2,8599
上海,6天5晚,日韩航线,2016/8/12,釜山-福冈-上海,海洋量子号,皇家加勒比邮轮,标准阳台双人间 D4,8999
上海,6天5晚,日韩航线,2016/8/12,釜山-福冈-上海,海洋量子号,皇家加勒比邮轮,超值阳台双人间（有遮挡） DO,9799
上海,6天5晚,日韩航线,2016/8/12,釜山-福冈-上海,海洋量子号,皇家加勒比邮轮,超值阳台三人间（有遮挡） DO,9799
上海,6天5晚,日韩航线,2016/8/12,釜山-福冈-上海,海洋量子号,皇家加勒比邮轮,超值阳台四人间（有遮挡） DO,9799
上海,6天5晚,日韩航线,2016/8/12,釜山-福冈-上海,海洋量子号,皇家加勒比邮轮,单人阳台房 SD,10199
上海,6天5晚,日韩航线,2016/8/12,釜山-福冈-上海,海洋量子号,皇家加勒比邮轮,高级阳台双人间 D3,10399
上海,6天5晚,日韩航线,2016/8/12,釜山-福冈-上海,海洋量子号,皇家加勒比邮轮,豪华阳台双人间 D1,11499
上海,6天5晚,日韩航线,2016/8/12,釜山-福冈-上海,海洋量子号,皇家加勒比邮轮,豪华阳台三人间 D1,11499
上海,6天5晚,日韩航线,2016/8/12,釜山-福冈-上海,海洋量子号,皇家加勒比邮轮,豪华阳台四人间 D1,11499
上海,7天6晚,日韩航线,2016/6/15,广岛（过夜）-宫崎-上海,海洋量子号,皇家加勒比邮轮,超值阳台房 DO三人间（有遮挡）,5180
上海,7天6晚,日韩航线,2016/6/15,广岛（过夜）-宫崎-上海,海洋量子号,皇家加勒比邮轮,超值阳台房 DO四人间（有遮挡）,5180
上海,7天6晚,日韩航线,2016/6/15,广岛（过夜）-宫崎-上海,海洋量子号,皇家加勒比邮轮,高级阳台三人间 D2,5380
上海,7天6晚,日韩航线,2016/6/15,广岛（过夜）-宫崎-上海,海洋量子号,皇家加勒比邮轮,高级阳台四人间 D2,5380
上海,7天6晚,日韩航线,2016/6/15,广岛（过夜）-宫崎-上海,海洋量子号,皇家加勒比邮轮,豪华阳台三人间 D1,5480
上海,7天6晚,日韩航线,2016/6/15,广岛（过夜）-宫崎-上海,海洋量子号,皇家加勒比邮轮,豪华阳台四人间 D1,5480
上海,7天6晚,日韩航线,2016/6/15,广岛（过夜）-宫崎-上海,海洋量子号,皇家加勒比邮轮,超值阳台房 DO双人间（有遮挡）,5780
上海,7天6晚,日韩航线,2016/6/15,广岛（过夜）-宫崎-上海,海洋量子号,皇家加勒比邮轮,标准阳台双人间 D4,5980
上海,7天6晚,日韩航线,2016/6/15,广岛（过夜）-宫崎-上海,海洋量子号,皇家加勒比邮轮,高级阳台双人间 D3,6180
上海,7天6晚,日韩航线,2016/6/15,广岛（过夜）-宫崎-上海,海洋量子号,皇家加勒比邮轮,豪华阳台双人间 D1,6680
上海,7天6晚,日韩航线,2016/6/11,广岛（过夜）-宫崎-上海,海洋量子号,皇家加勒比邮轮,【限量抢购】随机阳台四人房,4599
上海,7天6晚,日韩航线,2016/6/11,广岛（过夜）-宫崎-上海,海洋量子号,皇家加勒比邮轮,【限量抢购】随机阳台三人房,4899
上海,7天6晚,日韩航线,2016/6/11,广岛（过夜）-宫崎-上海,海洋量子号,皇家加勒比邮轮,阳台+内舱面对面六人房,4999
上海,7天6晚,日韩航线,2016/6/11,广岛（过夜）-宫崎-上海,海洋量子号,皇家加勒比邮轮,阳台六人连通房（景观遮挡）DO,5099
上海,7天6晚,日韩航线,2016/6/11,广岛（过夜）-宫崎-上海,海洋量子号,皇家加勒比邮轮,阳台+内舱面对面四人房,5499
上海,7天6晚,日韩航线,2016/6/11,广岛（过夜）-宫崎-上海,海洋量子号,皇家加勒比邮轮,高级阳台四人间 D2,5799
上海,7天6晚,日韩航线,2016/6/11,广岛（过夜）-宫崎-上海,海洋量子号,皇家加勒比邮轮,高级阳台三人间 D2,5999
上海,7天6晚,日韩航线,2016/6/11,广岛（过夜）-宫崎-上海,海洋量子号,皇家加勒比邮轮,高级阳台双人间 D3,6599
上海,7天6晚,日韩航线,2016/6/11,广岛（过夜）-宫崎-上海,海洋量子号,皇家加勒比邮轮,单人阳台房 SD,6599
上海,7天6晚,日韩航线,2016/7/5,广岛（过夜）-宫崎-上海,海洋量子号,皇家加勒比邮轮,【限量抢购】随机阳台四人房,6100
上海,7天6晚,日韩航线,2016/7/5,广岛（过夜）-宫崎-上海,海洋量子号,皇家加勒比邮轮,超值阳台三人间（有遮挡） DO,6400
上海,7天6晚,日韩航线,2016/7/5,广岛（过夜）-宫崎-上海,海洋量子号,皇家加勒比邮轮,超值阳台双人间（有遮挡） DO,6900
上海,7天6晚,日韩航线,2016/7/5,广岛（过夜）-宫崎-上海,海洋量子号,皇家加勒比邮轮,【限量抢购】随机阳台三人房,7000
上海,7天6晚,日韩航线,2016/7/5,广岛（过夜）-宫崎-上海,海洋量子号,皇家加勒比邮轮,【限量抢购】随机阳台双人房,7400
上海,7天6晚,日韩航线,2016/7/5,广岛（过夜）-宫崎-上海,海洋量子号,皇家加勒比邮轮,单人阳台房 SD,8200
上海,7天6晚,日韩航线,2016/7/27,广岛（过夜）-宫崎-上海,海洋量子号,皇家加勒比邮轮,【限量抢购】随机阳台四人房,5799
上海,7天6晚,日韩航线,2016/7/27,广岛（过夜）-宫崎-上海,海洋量子号,皇家加勒比邮轮,特价阳台三人房（部分遮挡）【限量抢购】,6099
上海,7天6晚,日韩航线,2016/7/27,广岛（过夜）-宫崎-上海,海洋量子号,皇家加勒比邮轮,特价阳台双人房（部分遮挡）【限量抢购】,6599
上海,7天6晚,日韩航线,2016/7/27,广岛（过夜）-宫崎-上海,海洋量子号,皇家加勒比邮轮,【限量抢购】随机阳台三人房,6599
上海,7天6晚,日韩航线,2016/7/27,广岛（过夜）-宫崎-上海,海洋量子号,皇家加勒比邮轮,【限量抢购】随机阳台双人房,6999
上海,7天6晚,日韩航线,2016/7/27,广岛（过夜）-宫崎-上海,海洋量子号,皇家加勒比邮轮,单人阳台房 SD,7399
上海,7天6晚,日韩航线,2016/7/27,广岛（过夜）-宫崎-上海,海洋量子号,皇家加勒比邮轮,超值阳台双人间（有遮挡） DO,7599
上海,7天6晚,日韩航线,2016/7/27,广岛（过夜）-宫崎-上海,海洋量子号,皇家加勒比邮轮,超值阳台三人间（有遮挡） DO,7599
上海,7天6晚,日韩航线,2016/7/27,广岛（过夜）-宫崎-上海,海洋量子号,皇家加勒比邮轮,超值阳台四人间（有遮挡） DO,7599
上海,7天6晚,日韩航线,2016/7/27,广岛（过夜）-宫崎-上海,海洋量子号,皇家加勒比邮轮,标准阳台双人间 D4,7799
上海,7天6晚,日韩航线,2016/7/27,广岛（过夜）-宫崎-上海,海洋量子号,皇家加勒比邮轮,高级阳台双人间 D3,7999
上海,7天6晚,日韩航线,2016/7/27,广岛（过夜）-宫崎-上海,海洋量子号,皇家加勒比邮轮,高级阳台三人间 D2,8199
上海,7天6晚,日韩航线,2016/7/27,广岛（过夜）-宫崎-上海,海洋量子号,皇家加勒比邮轮,高级阳台四人间 D2,8199
上海,7天6晚,日韩航线,2016/7/27,广岛（过夜）-宫崎-上海,海洋量子号,皇家加勒比邮轮,豪华阳台双人间 D1,8399
上海,7天6晚,日韩航线,2016/7/27,广岛（过夜）-宫崎-上海,海洋量子号,皇家加勒比邮轮,豪华阳台三人间 D1,8399
上海,7天6晚,日韩航线,2016/7/27,广岛（过夜）-宫崎-上海,海洋量子号,皇家加勒比邮轮,豪华阳台四人间 D1,8399
上海,7天6晚,日韩航线,2016/8/21,广岛（过夜）-宫崎-上海,海洋量子号,皇家加勒比邮轮,超值阳台三人间（有遮挡） DO,8899
上海,7天6晚,日韩航线,2016/8/21,广岛（过夜）-宫崎-上海,海洋量子号,皇家加勒比邮轮,超值阳台双人间（有遮挡） DO,11799
上海,7天6晚,日韩航线,2016/8/21,广岛（过夜）-宫崎-上海,海洋量子号,皇家加勒比邮轮,超值阳台四人间（有遮挡） DO,11899
上海,7天6晚,日韩航线,2016/8/21,广岛（过夜）-宫崎-上海,海洋量子号,皇家加勒比邮轮,标准阳台双人间 D4,12299
上海,7天6晚,日韩航线,2016/8/21,广岛（过夜）-宫崎-上海,海洋量子号,皇家加勒比邮轮,高级阳台双人间 D3,12599
上海,7天6晚,日韩航线,2016/8/21,广岛（过夜）-宫崎-上海,海洋量子号,皇家加勒比邮轮,单人阳台房 SD,12599
上海,7天6晚,日韩航线,2016/8/21,广岛（过夜）-宫崎-上海,海洋量子号,皇家加勒比邮轮,高级阳台三人间 D2,12699
上海,7天6晚,日韩航线,2016/8/21,广岛（过夜）-宫崎-上海,海洋量子号,皇家加勒比邮轮,高级阳台四人间 D2,12699
上海,7天6晚,日韩航线,2016/8/21,广岛（过夜）-宫崎-上海,海洋量子号,皇家加勒比邮轮,豪华阳台双人间 D1,12899
上海,7天6晚,日韩航线,2016/8/21,广岛（过夜）-宫崎-上海,海洋量子号,皇家加勒比邮轮,豪华阳台三人间 D1,12899
上海,7天6晚,日韩航线,2016/8/21,广岛（过夜）-宫崎-上海,海洋量子号,皇家加勒比邮轮,豪华阳台四人间 D1,12899
上海,7天6晚,日韩航线,2016/11/3,广岛（过夜）-宫崎-上海,海洋量子号,皇家加勒比邮轮,特价阳台双人房,6599
上海,7天6晚,日韩航线,2016/11/3,广岛（过夜）-宫崎-上海,海洋量子号,皇家加勒比邮轮,超值阳台房双人间 DO（有遮挡）,7199
上海,7天6晚,日韩航线,2016/11/3,广岛（过夜）-宫崎-上海,海洋量子号,皇家加勒比邮轮,标准阳台双人间 D4,7499
上海,7天6晚,日韩航线,2016/11/3,广岛（过夜）-宫崎-上海,海洋量子号,皇家加勒比邮轮,超值阳台房三人间 DO（有遮挡）,7599
上海,7天6晚,日韩航线,2016/11/3,广岛（过夜）-宫崎-上海,海洋量子号,皇家加勒比邮轮,超值阳台房四人间 DO（有遮挡）,7599
上海,7天6晚,日韩航线,2016/11/3,广岛（过夜）-宫崎-上海,海洋量子号,皇家加勒比邮轮,高级阳台双人间 D3,7699
上海,7天6晚,日韩航线,2016/11/3,广岛（过夜）-宫崎-上海,海洋量子号,皇家加勒比邮轮,豪华阳台双人间 D1,7799
上海,7天6晚,日韩航线,2016/11/3,广岛（过夜）-宫崎-上海,海洋量子号,皇家加勒比邮轮,高级阳台三人间 D2,7999
上海,7天6晚,日韩航线,2016/11/3,广岛（过夜）-宫崎-上海,海洋量子号,皇家加勒比邮轮,高级阳台四人间 D2,7999
上海,7天6晚,日韩航线,2016/11/3,广岛（过夜）-宫崎-上海,海洋量子号,皇家加勒比邮轮,豪华阳台三人间 D1,8399
上海,7天6晚,日韩航线,2016/11/3,广岛（过夜）-宫崎-上海,海洋量子号,皇家加勒比邮轮,豪华阳台四人间 D1,8399
上海,7天6晚,日韩航线,2016/11/3,广岛（过夜）-宫崎-上海,海洋量子号,皇家加勒比邮轮,单人阳台房 SD,8499
上海,7天6晚,日韩航线,2016/8/8,广岛（过夜）-宫崎-上海,海洋量子号,皇家加勒比邮轮,超值阳台双人间（有遮挡） DO,7499
上海,7天6晚,日韩航线,2016/8/8,广岛（过夜）-宫崎-上海,海洋量子号,皇家加勒比邮轮,超值阳台三人间（有遮挡） DO,7499
上海,7天6晚,日韩航线,2016/8/8,广岛（过夜）-宫崎-上海,海洋量子号,皇家加勒比邮轮,超值阳台四人间（有遮挡） DO,7499
上海,7天6晚,日韩航线,2016/8/8,广岛（过夜）-宫崎-上海,海洋量子号,皇家加勒比邮轮,标准阳台双人间 D4,7700
上海,7天6晚,日韩航线,2016/8/8,广岛（过夜）-宫崎-上海,海洋量子号,皇家加勒比邮轮,高级阳台双人间 D3,7800
上海,7天6晚,日韩航线,2016/8/8,广岛（过夜）-宫崎-上海,海洋量子号,皇家加勒比邮轮,单人阳台房 SD,7800
上海,7天6晚,日韩航线,2016/8/8,广岛（过夜）-宫崎-上海,海洋量子号,皇家加勒比邮轮,高级阳台三人间 D2,7900
上海,7天6晚,日韩航线,2016/8/8,广岛（过夜）-宫崎-上海,海洋量子号,皇家加勒比邮轮,高级阳台四人间 D2,7900
上海,7天6晚,日韩航线,2016/8/8,广岛（过夜）-宫崎-上海,海洋量子号,皇家加勒比邮轮,豪华阳台双人间 D1,8200
上海,7天6晚,日韩航线,2016/8/8,广岛（过夜）-宫崎-上海,海洋量子号,皇家加勒比邮轮,豪华阳台三人间 D1,8200
上海,7天6晚,日韩航线,2016/8/8,广岛（过夜）-宫崎-上海,海洋量子号,皇家加勒比邮轮,豪华阳台四人间 D1,8200
上海,7天6晚,日韩航线,2016/9/3,广岛（过夜）-宫崎-上海,海洋量子号,皇家加勒比邮轮,超值阳台房三人间 DO（有遮挡）,6188
上海,7天6晚,日韩航线,2016/9/3,广岛（过夜）-宫崎-上海,海洋量子号,皇家加勒比邮轮,超值阳台房四人间 DO（有遮挡）,6188
上海,7天6晚,日韩航线,2016/9/3,广岛（过夜）-宫崎-上海,海洋量子号,皇家加勒比邮轮,超值阳台房双人间 DO（有遮挡）,6488
上海,7天6晚,日韩航线,2016/9/3,广岛（过夜）-宫崎-上海,海洋量子号,皇家加勒比邮轮,高级阳台三人间 D2,6588
上海,7天6晚,日韩航线,2016/9/3,广岛（过夜）-宫崎-上海,海洋量子号,皇家加勒比邮轮,高级阳台四人间 D2,6588
上海,7天6晚,日韩航线,2016/9/3,广岛（过夜）-宫崎-上海,海洋量子号,皇家加勒比邮轮,标准阳台双人间 D4,6688
上海,7天6晚,日韩航线,2016/9/3,广岛（过夜）-宫崎-上海,海洋量子号,皇家加勒比邮轮,豪华阳台三人间 D1,6788
上海,7天6晚,日韩航线,2016/9/3,广岛（过夜）-宫崎-上海,海洋量子号,皇家加勒比邮轮,豪华阳台四人间 D1,6788
上海,7天6晚,日韩航线,2016/9/3,广岛（过夜）-宫崎-上海,海洋量子号,皇家加勒比邮轮,高级阳台双人间 D3,6888
上海,7天6晚,日韩航线,2016/9/3,广岛（过夜）-宫崎-上海,海洋量子号,皇家加勒比邮轮,豪华阳台双人间 D1,7088
上海,7天6晚,日韩航线,2016/9/3,广岛（过夜）-宫崎-上海,海洋量子号,皇家加勒比邮轮,单人阳台房 SD,8688
上海,7天6晚,日韩航线,2016/7/14,广岛（过夜）-宫崎-上海,海洋量子号,皇家加勒比邮轮,超值阳台三人间（有遮挡） DO,6199
上海,7天6晚,日韩航线,2016/7/14,广岛（过夜）-宫崎-上海,海洋量子号,皇家加勒比邮轮,高级阳台三人间 D2,6599
上海,7天6晚,日韩航线,2016/7/14,广岛（过夜）-宫崎-上海,海洋量子号,皇家加勒比邮轮,超值阳台双人间（有遮挡） DO,7699
上海,7天6晚,日韩航线,2016/7/14,广岛（过夜）-宫崎-上海,海洋量子号,皇家加勒比邮轮,超值阳台四人间（有遮挡） DO,7699
上海,7天6晚,日韩航线,2016/7/14,广岛（过夜）-宫崎-上海,海洋量子号,皇家加勒比邮轮,标准阳台双人间 D4,7899
上海,7天6晚,日韩航线,2016/7/14,广岛（过夜）-宫崎-上海,海洋量子号,皇家加勒比邮轮,单人阳台房 SD,7999
上海,7天6晚,日韩航线,2016/7/14,广岛（过夜）-宫崎-上海,海洋量子号,皇家加勒比邮轮,高级阳台双人间 D3,8099
上海,7天6晚,日韩航线,2016/7/14,广岛（过夜）-宫崎-上海,海洋量子号,皇家加勒比邮轮,高级阳台四人间 D2,8299
上海,7天6晚,日韩航线,2016/7/14,广岛（过夜）-宫崎-上海,海洋量子号,皇家加勒比邮轮,豪华阳台双人间 D1,8599
上海,7天6晚,日韩航线,2016/7/14,广岛（过夜）-宫崎-上海,海洋量子号,皇家加勒比邮轮,豪华阳台三人间 D1,8599
上海,7天6晚,日韩航线,2016/7/14,广岛（过夜）-宫崎-上海,海洋量子号,皇家加勒比邮轮,豪华阳台四人间 D1,8599
上海,7天6晚,日韩航线,2016/7/31,广岛（过夜）-宫崎-上海,海洋量子号,皇家加勒比邮轮,特价阳台双人房,7980
上海,7天6晚,日韩航线,2016/7/31,广岛（过夜）-宫崎-上海,海洋量子号,皇家加勒比邮轮,超值阳台房 DO双人间（有遮挡）,8380
上海,7天6晚,日韩航线,2016/7/31,广岛（过夜）-宫崎-上海,海洋量子号,皇家加勒比邮轮,超值阳台房 DO三人间（有遮挡）,8380
上海,7天6晚,日韩航线,2016/7/31,广岛（过夜）-宫崎-上海,海洋量子号,皇家加勒比邮轮,超值阳台房 DO四人间（有遮挡）,8380
上海,7天6晚,日韩航线,2016/7/31,广岛（过夜）-宫崎-上海,海洋量子号,皇家加勒比邮轮,标准阳台双人间 D4,8480
上海,7天6晚,日韩航线,2016/7/31,广岛（过夜）-宫崎-上海,海洋量子号,皇家加勒比邮轮,高级阳台双人间 D3,8780
上海,7天6晚,日韩航线,2016/7/31,广岛（过夜）-宫崎-上海,海洋量子号,皇家加勒比邮轮,单人阳台房 SD,8780
上海,7天6晚,日韩航线,2016/7/31,广岛（过夜）-宫崎-上海,海洋量子号,皇家加勒比邮轮,高级阳台三人间 D2,9180
上海,7天6晚,日韩航线,2016/7/31,广岛（过夜）-宫崎-上海,海洋量子号,皇家加勒比邮轮,高级阳台四人间 D2,9180
上海,7天6晚,日韩航线,2016/7/31,广岛（过夜）-宫崎-上海,海洋量子号,皇家加勒比邮轮,豪华阳台双人间 D1,9480
上海,7天6晚,日韩航线,2016/7/31,广岛（过夜）-宫崎-上海,海洋量子号,皇家加勒比邮轮,豪华阳台三人间 D1,9480
上海,7天6晚,日韩航线,2016/7/31,广岛（过夜）-宫崎-上海,海洋量子号,皇家加勒比邮轮,豪华阳台四人间 D1,9480
上海,5天4晚,日韩航线,2016/8/4,仁川（首尔）-上海,海洋量子号,皇家加勒比邮轮,随机阳台双人+1人拼房,6999
上海,5天4晚,日韩航线,2016/8/4,仁川（首尔）-上海,海洋量子号,皇家加勒比邮轮,【限量抢购】随机阳台双人房,6999
上海,5天4晚,日韩航线,2016/8/4,仁川（首尔）-上海,海洋量子号,皇家加勒比邮轮,标准阳台双人间 D4,7399
上海,5天4晚,日韩航线,2016/8/4,仁川（首尔）-上海,海洋量子号,皇家加勒比邮轮,高级阳台双人间 D3,7699
上海,5天4晚,日韩航线,2016/8/4,仁川（首尔）-上海,海洋量子号,皇家加勒比邮轮,超值阳台双人间（有遮挡） DO,7999
上海,5天4晚,日韩航线,2016/8/4,仁川（首尔）-上海,海洋量子号,皇家加勒比邮轮,超值阳台三人间（有遮挡） DO,7999
上海,5天4晚,日韩航线,2016/8/4,仁川（首尔）-上海,海洋量子号,皇家加勒比邮轮,超值阳台四人间（有遮挡） DO,7999
上海,5天4晚,日韩航线,2016/8/4,仁川（首尔）-上海,海洋量子号,皇家加勒比邮轮,豪华阳台双人间 D1,8199
上海,5天4晚,日韩航线,2016/8/4,仁川（首尔）-上海,海洋量子号,皇家加勒比邮轮,高级阳台三人间 D2,8999
上海,5天4晚,日韩航线,2016/8/4,仁川（首尔）-上海,海洋量子号,皇家加勒比邮轮,单人阳台房 SD,8999
上海,5天4晚,日韩航线,2016/8/4,仁川（首尔）-上海,海洋量子号,皇家加勒比邮轮,高级阳台四人间 D2,8999
上海,5天4晚,日韩航线,2016/7/22,仁川（首尔）-上海,海洋量子号,皇家加勒比邮轮,特价阳台双人房,8699
上海,5天4晚,日韩航线,2016/7/22,仁川（首尔）-上海,海洋量子号,皇家加勒比邮轮,超值阳台双人间（有遮挡） DO,9299
上海,5天4晚,日韩航线,2016/7/22,仁川（首尔）-上海,海洋量子号,皇家加勒比邮轮,标准阳台双人间 D4,9599
上海,5天4晚,日韩航线,2016/7/22,仁川（首尔）-上海,海洋量子号,皇家加勒比邮轮,高级阳台双人间 D3,9699
上海,5天4晚,日韩航线,2016/7/22,仁川（首尔）-上海,海洋量子号,皇家加勒比邮轮,豪华阳台双人间 D1,9799
上海,5天4晚,日韩航线,2016/7/22,仁川（首尔）-上海,海洋量子号,皇家加勒比邮轮,超值阳台三人间（有遮挡） DO,9999
上海,5天4晚,日韩航线,2016/7/22,仁川（首尔）-上海,海洋量子号,皇家加勒比邮轮,超值阳台四人间（有遮挡） DO,9999
上海,5天4晚,日韩航线,2016/7/22,仁川（首尔）-上海,海洋量子号,皇家加勒比邮轮,高级阳台三人间 D2,10299
上海,5天4晚,日韩航线,2016/7/22,仁川（首尔）-上海,海洋量子号,皇家加勒比邮轮,高级阳台四人间 D2,10299
上海,5天4晚,日韩航线,2016/7/22,仁川（首尔）-上海,海洋量子号,皇家加勒比邮轮,豪华阳台三人间 D1,10399
上海,5天4晚,日韩航线,2016/7/22,仁川（首尔）-上海,海洋量子号,皇家加勒比邮轮,豪华阳台四人间 D1,10399
上海,5天4晚,日韩航线,2016/7/22,仁川（首尔）-上海,海洋量子号,皇家加勒比邮轮,单人阳台房 SD,10599
上海,5天4晚,日韩航线,2016/10/19,仁川（首尔）-上海,海洋量子号,皇家加勒比邮轮,超值阳台双人间（有遮挡） DO,5999
上海,5天4晚,日韩航线,2016/10/19,仁川（首尔）-上海,海洋量子号,皇家加勒比邮轮,标准阳台双人间 D4,6199
上海,5天4晚,日韩航线,2016/10/19,仁川（首尔）-上海,海洋量子号,皇家加勒比邮轮,超值阳台三人间（有遮挡） DO,6199
上海,5天4晚,日韩航线,2016/10/19,仁川（首尔）-上海,海洋量子号,皇家加勒比邮轮,超值阳台四人间（有遮挡） DO,6199
上海,5天4晚,日韩航线,2016/10/19,仁川（首尔）-上海,海洋量子号,皇家加勒比邮轮,高级阳台双人间 D3,6299
上海,5天4晚,日韩航线,2016/10/19,仁川（首尔）-上海,海洋量子号,皇家加勒比邮轮,高级阳台三人间 D2,6499
上海,5天4晚,日韩航线,2016/10/19,仁川（首尔）-上海,海洋量子号,皇家加勒比邮轮,高级阳台四人间 D2,6499
上海,5天4晚,日韩航线,2016/10/19,仁川（首尔）-上海,海洋量子号,皇家加勒比邮轮,豪华阳台双人间 D1,6599
上海,5天4晚,日韩航线,2016/10/19,仁川（首尔）-上海,海洋量子号,皇家加勒比邮轮,豪华阳台三人间 D1,6699
上海,5天4晚,日韩航线,2016/10/19,仁川（首尔）-上海,海洋量子号,皇家加勒比邮轮,豪华阳台四人间 D1,6699
上海,5天4晚,日韩航线,2016/10/19,仁川（首尔）-上海,海洋量子号,皇家加勒比邮轮,单人阳台房 SD,7599
上海,5天4晚,日韩航线,2016/11/3,仁川（首尔）-上海,海洋量子号,皇家加勒比邮轮,【限量抢购】随机阳台双人房,6599
上海,5天4晚,日韩航线,2016/11/3,仁川（首尔）-上海,海洋量子号,皇家加勒比邮轮,超值阳台双人间（有遮挡） DO,7199
上海,5天4晚,日韩航线,2016/11/3,仁川（首尔）-上海,海洋量子号,皇家加勒比邮轮,标准阳台双人间 D4,7499
上海,5天4晚,日韩航线,2016/11/3,仁川（首尔）-上海,海洋量子号,皇家加勒比邮轮,超值阳台三人间（有遮挡） DO,7599
上海,5天4晚,日韩航线,2016/11/3,仁川（首尔）-上海,海洋量子号,皇家加勒比邮轮,超值阳台四人间（有遮挡） DO,7599
上海,5天4晚,日韩航线,2016/11/3,仁川（首尔）-上海,海洋量子号,皇家加勒比邮轮,高级阳台双人间 D3,7699
上海,5天4晚,日韩航线,2016/11/3,仁川（首尔）-上海,海洋量子号,皇家加勒比邮轮,豪华阳台双人间 D1,7799
上海,5天4晚,日韩航线,2016/11/3,仁川（首尔）-上海,海洋量子号,皇家加勒比邮轮,高级阳台三人间 D2,7999
上海,5天4晚,日韩航线,2016/11/3,仁川（首尔）-上海,海洋量子号,皇家加勒比邮轮,高级阳台四人间 D2,7999
上海,5天4晚,日韩航线,2016/11/3,仁川（首尔）-上海,海洋量子号,皇家加勒比邮轮,豪华阳台三人间 D1,8399
上海,5天4晚,日韩航线,2016/11/3,仁川（首尔）-上海,海洋量子号,皇家加勒比邮轮,豪华阳台四人间 D1,8399
上海,5天4晚,日韩航线,2016/11/3,仁川（首尔）-上海,海洋量子号,皇家加勒比邮轮,单人阳台房 SD,8499
上海,5天4晚,日韩航线,2016/9/22,仁川（首尔）-上海,海洋量子号,皇家加勒比邮轮,豪华阳台三人间 D1,6033
上海,5天4晚,日韩航线,2016/9/22,仁川（首尔）-上海,海洋量子号,皇家加勒比邮轮,高级阳台三人间 D2,6166
上海,5天4晚,日韩航线,2016/9/22,仁川（首尔）-上海,海洋量子号,皇家加勒比邮轮,超值阳台三人间（有遮挡） DO,6599
上海,5天4晚,日韩航线,2016/9/22,仁川（首尔）-上海,海洋量子号,皇家加勒比邮轮,超值阳台双人间（有遮挡） DO,6799
上海,5天4晚,日韩航线,2016/9/22,仁川（首尔）-上海,海洋量子号,皇家加勒比邮轮,标准阳台双人间 D4,7299
上海,5天4晚,日韩航线,2016/9/22,仁川（首尔）-上海,海洋量子号,皇家加勒比邮轮,高级阳台双人间 D3,7399
上海,5天4晚,日韩航线,2016/9/22,仁川（首尔）-上海,海洋量子号,皇家加勒比邮轮,单人阳台房 SD,7499
上海,5天4晚,日韩航线,2016/9/22,仁川（首尔）-上海,海洋量子号,皇家加勒比邮轮,豪华阳台双人间 D1,7499
上海,5天4晚,日韩航线,2016/9/18,仁川（首尔）-上海,海洋量子号,皇家加勒比邮轮,【限量抢购】随机阳台双人房,5699
上海,5天4晚,日韩航线,2016/9/18,仁川（首尔）-上海,海洋量子号,皇家加勒比邮轮,超值阳台双人间（有遮挡） DO,6299
上海,5天4晚,日韩航线,2016/9/18,仁川（首尔）-上海,海洋量子号,皇家加勒比邮轮,标准阳台房 D4,6499
上海,5天4晚,日韩航线,2016/9/18,仁川（首尔）-上海,海洋量子号,皇家加勒比邮轮,高级阳台房 D3,6599
上海,5天4晚,日韩航线,2016/9/18,仁川（首尔）-上海,海洋量子号,皇家加勒比邮轮,豪华阳台双人间 D1,6699
上海,5天4晚,日韩航线,2016/9/18,仁川（首尔）-上海,海洋量子号,皇家加勒比邮轮,高级阳台四人间 D2,6899
上海,5天4晚,日韩航线,2016/9/18,仁川（首尔）-上海,海洋量子号,皇家加勒比邮轮,豪华阳台四人间 D1,6999
上海,5天4晚,日韩航线,2016/9/18,仁川（首尔）-上海,海洋量子号,皇家加勒比邮轮,超值阳台四人间（有遮挡） DO,7299
上海,5天4晚,日韩航线,2016/9/18,仁川（首尔）-上海,海洋量子号,皇家加勒比邮轮,单人阳台房 SD,7499
上海,5天4晚,日韩航线,2016/10/6,仁川（首尔）-上海,海洋量子号,皇家加勒比邮轮,【限量抢购】随机阳台双人房,5899
上海,5天4晚,日韩航线,2016/10/6,仁川（首尔）-上海,海洋量子号,皇家加勒比邮轮,超值阳台双人间（有遮挡） DO,6499
上海,5天4晚,日韩航线,2016/10/6,仁川（首尔）-上海,海洋量子号,皇家加勒比邮轮,标准阳台双人间 D4,6699
上海,5天4晚,日韩航线,2016/10/6,仁川（首尔）-上海,海洋量子号,皇家加勒比邮轮,高级阳台双人间 D3,6799
上海,5天4晚,日韩航线,2016/10/6,仁川（首尔）-上海,海洋量子号,皇家加勒比邮轮,豪华阳台双人间 D1,6899
上海,5天4晚,日韩航线,2016/10/6,仁川（首尔）-上海,海洋量子号,皇家加勒比邮轮,高级阳台三人间 D2,7099
上海,5天4晚,日韩航线,2016/10/6,仁川（首尔）-上海,海洋量子号,皇家加勒比邮轮,高级阳台四人间 D2,7099
上海,5天4晚,日韩航线,2016/10/6,仁川（首尔）-上海,海洋量子号,皇家加勒比邮轮,豪华阳台三人间 D1,7199
上海,5天4晚,日韩航线,2016/10/6,仁川（首尔）-上海,海洋量子号,皇家加勒比邮轮,豪华阳台四人间 D1,7199
上海,5天4晚,日韩航线,2016/10/6,仁川（首尔）-上海,海洋量子号,皇家加勒比邮轮,超值阳台三人间（有遮挡） DO,7499
上海,5天4晚,日韩航线,2016/10/6,仁川（首尔）-上海,海洋量子号,皇家加勒比邮轮,超值阳台四人间（有遮挡） DO,7499
上海,5天4晚,日韩航线,2016/10/6,仁川（首尔）-上海,海洋量子号,皇家加勒比邮轮,单人阳台房 SD,7699
上海,5天4晚,日韩航线,2016/11/13,仁川（首尔）-上海,海洋量子号,皇家加勒比邮轮,超值阳台三人间（有遮挡） DO,5088
上海,5天4晚,日韩航线,2016/11/13,仁川（首尔）-上海,海洋量子号,皇家加勒比邮轮,超值阳台四人间（有遮挡） DO,5088
上海,5天4晚,日韩航线,2016/11/13,仁川（首尔）-上海,海洋量子号,皇家加勒比邮轮,高级阳台三人间 D2,5288
上海,5天4晚,日韩航线,2016/11/13,仁川（首尔）-上海,海洋量子号,皇家加勒比邮轮,高级阳台四人间 D2,5288
上海,5天4晚,日韩航线,2016/11/13,仁川（首尔）-上海,海洋量子号,皇家加勒比邮轮,超值阳台双人间（有遮挡） DO,5388
上海,5天4晚,日韩航线,2016/11/13,仁川（首尔）-上海,海洋量子号,皇家加勒比邮轮,豪华阳台三人间 D1,5488
上海,5天4晚,日韩航线,2016/11/13,仁川（首尔）-上海,海洋量子号,皇家加勒比邮轮,豪华阳台四人间 D1,5488
上海,5天4晚,日韩航线,2016/11/13,仁川（首尔）-上海,海洋量子号,皇家加勒比邮轮,标准阳台房 D4,5588
上海,5天4晚,日韩航线,2016/11/13,仁川（首尔）-上海,海洋量子号,皇家加勒比邮轮,高级阳台房 D3,5788
上海,5天4晚,日韩航线,2016/11/13,仁川（首尔）-上海,海洋量子号,皇家加勒比邮轮,豪华阳台双人间 D1,5988
上海,5天4晚,日韩航线,2016/11/13,仁川（首尔）-上海,海洋量子号,皇家加勒比邮轮,单人阳台房 SD,6388
